districtid,vaccinationratio,populationratio,ratioofratios
DN_Daman,0.5121306557991726,1.8741768650208979,0.27325631073429246
DN_Dadra and Nagar Haveli,0.44120985215866043,1.2921726720418276,0.3414480600812292
JK_Srinagar,0.539058766130317,1.1116927463484176,0.4848990585761811
AR_Upper Dibang Valley,0.5980757293606456,1.229526462395543,0.48642770013699993
HR_Nuh,0.5377170728373865,1.1024143941046245,0.48776310951030133
LA_Leh,0.7167030191711629,1.4485839019737325,0.4947611375458727
NL_Kiphire,0.5317560360709783,1.0457787361088073,0.5084785315578
UP_Gautam Buddha Nagar,0.6201094157718039,1.1745782100828472,0.5279422097640185
GJ_Surat,0.6838744862315018,1.2699139785106779,0.5385203232690864
HR_Gurugram,0.6510647600576243,1.1704756199282829,0.5562394884376286
DL_New Delhi,0.6859113351968442,1.2166651056788735,0.5637634645682718
DL_South East Delhi,0.6762862282263541,1.1902108295635163,0.5682070868691115
DL_Central Delhi,0.6500531139422266,1.121392063359065,0.5796840687413376
MP_Singrauli,0.6349001121706952,1.086783343605438,0.584201180397552
JK_Bandipora,0.6604598970798377,1.1253196930946292,0.5869086812686739
AR_Tawang,0.8219462722010588,1.3997407087294729,0.5872132367623495
NL_Tuensang,0.6365895267764426,1.07679874924733,0.5911870971445792
JK_Kupwara,0.7095089412432586,1.1969537868155613,0.592762184353728
PB_S.A.S. Nagar,0.6748754066310915,1.1372613483749665,0.5934215627704409
MN_Senapati,0.6332450975095889,1.0668521514073115,0.5935640629062419
MN_Tamenglong,0.6299958223088706,1.0599150556531927,0.594383313029386
JK_Ramban,0.6599474418858537,1.1081207599884084,0.5955555258190066
SK_North Sikkim,0.7766021505376344,1.3030191264028663,0.5960021114053281
PB_Ludhiana,0.6852419527948052,1.1452508794100027,0.5983334875480038
DL_South Delhi,0.6964974675166714,1.160479904721309,0.6001805500319597
PB_Bathinda,0.692201052026621,1.1516577616343937,0.6010475291238194
MN_Ukhrul,0.6395286912528292,1.0609094982078853,0.6028117311920922
JK_Budgam,0.6794923507470445,1.119023120347255,0.607219223974733
UP_Prayagraj,0.6745682824277937,1.1095531612168141,0.6079639137686874
NL_Phek,0.6474570533976475,1.0510574207718857,0.6160054061767261
HP_Solan,0.7011095510853224,1.1369390866308742,0.6166641285620159
NL_Peren,0.6741336813107148,1.0924953301834963,0.6170586387746727
CH_Chandigarh,0.7546896226228866,1.2229968385823538,0.6170822350593244
MN_Chandel,0.6621332518337408,1.0714911713575563,0.6179549300390709
DL_North Delhi,0.7164494825340804,1.1501927472782922,0.622895148860414
HR_Faridabad,0.715422345816559,1.1451916318070987,0.6247184540526471
HP_Kinnaur,0.7676338716144789,1.221192437684833,0.6285936990158392
PB_Mansa,0.7155557389053331,1.132162019173506,0.6320259174810499
UP_Sonbhadra,0.6903324663803706,1.0899098421817406,0.6333849275078469
JK_Reasi,0.7140898823895943,1.1231731508845795,0.6357789819202829
AR_West Kameng,0.7808699063953815,1.2212902201524132,0.6393811180260915
UP_Shahjahanpur,0.7338904197744719,1.1473200798494432,0.6396562150910637
TN_Kancheepuram,0.652007308650283,1.013934460085005,0.6430467987009937
UP_Mathura,0.7457119498624847,1.158522582345459,0.6436749367049639
JK_Pulwama,0.7086710816305839,1.0960744419843218,0.6465537873026335
JK_Ganderbal,0.7403571085725257,1.144125830774332,0.6470941295604348
MH_Mumbai,0.7795253698138793,1.2026016506246775,0.6481991517382035
RJ_Jaisalmer,0.7618170328601983,1.173572649905422,0.6491434790352288
MP_Bhind,0.7786080701371421,1.194136017996243,0.6520262837759842
HR_Panipat,0.7551777652895268,1.1580382398224067,0.6521181592460528
UP_Agra,0.7517334747935921,1.1514764509865403,0.6528431164610757
DL_North East Delhi,0.7374619397261938,1.1283954884119716,0.6535491742917623
JK_Baramulla,0.7388574974899517,1.1297828466150863,0.6539818689083693
UP_Lakhimpur Kheri,0.7327970454200055,1.1186113581474941,0.6550953019407681
UP_Kushinagar,0.6846834874669534,1.0409770688507056,0.6577315754158548
UP_Kannauj,0.7496442174016765,1.1380104279593206,0.6587322918876394
UP_Banda,0.7654017654017654,1.158772167662027,0.6605282615184507
JH_Saraikela-Kharsawan,0.6908878481733479,1.045647226036935,0.6607274719140737
UT_Haridwar,0.7513425355648666,1.1357635683918805,0.6615307591074497
PB_Sangrur,0.7480962043721731,1.129820881694418,0.6621369957778053
MP_Chhatarpur,0.7507003931698608,1.1329700068017825,0.6625951160781247
UP_Auraiya,0.7671431644993271,1.1572075276972034,0.6629261788729557
UP_Varanasi,0.7260364123092939,1.0950851973579245,0.6629953669915161
UP_Kanpur Dehat,0.7692780494297917,1.1564671178455788,0.6651966472362012
UP_Etah,0.7620859257693645,1.1453174247196065,0.6653927630202049
AN_Nicobars,0.8558431179688941,1.2861929878994725,0.6654080110999532
HP_Lahaul and Spiti,0.7387523814176151,1.1076388888888888,0.6669613976434895
JK_Shopiyan,0.7020105864384794,1.0519905962153622,0.6673164084964545
MP_Morena,0.7948800697969967,1.1903664741803548,0.6677608005923752
AS_Dima Hasao,0.71660254709472,1.072623426911907,0.668083997715606
NL_Dimapur,0.7279184796757038,1.0880678216484674,0.66900101739327
UP_Shrawasti,0.7600695365214061,1.134551755230541,0.6699293646299633
UP_Kanpur Nagar,0.777599515437908,1.159486241092228,0.6706414340073709
UP_Farrukhabad,0.77004346079979,1.144802289968645,0.672643186991599
JH_Bokaro,0.729413259902563,1.0841658051404566,0.6727875537525052
JH_Dhanbad,0.7421877024330837,1.0996651625967615,0.674921537643762
UP_Ghaziabad,0.7668229396094225,1.1349970426087794,0.6756166851738112
JK_Anantnag,0.7317129748956132,1.0787050151756035,0.6783253666216588
HR_Rewari,0.7565609443684318,1.1134702826545726,0.6794621788780479
UP_Maharajganj,0.7210787423970595,1.0604820296112896,0.6799537590102914
UP_Moradabad,0.7503448363134784,1.1032986310064263,0.6800922390604397
UP_Etawah,0.7818601082505608,1.149332702859146,0.6802730891634431
JK_Kishtwar,0.740811902010931,1.0871610679356922,0.681418718771441
PB_Barnala,0.7786062050561225,1.142144925450981,0.6817052614830701
MP_Tikamgarh,0.756950566729011,1.1103136485833318,0.6817448094012148
UP_Mainpuri,0.7758148649816997,1.1350908185092419,0.6834826362181372
AR_Anjaw,0.8151192561649373,1.1912008281573498,0.684283654693082
UP_Bareilly,0.7721313382184911,1.1276949185294451,0.6846987829167291
GJ_Bharuch,0.7410854793449488,1.0810331780516078,0.6855344446325309
UP_Kaushambi,0.7558391729236688,1.1016592849137643,0.686091592268325
HR_Palwal,0.7797727674103726,1.1357732619707464,0.6865567217679904
MP_Gwalior,0.7966973053128478,1.1578173299819796,0.6881027642981019
UP_Sitapur,0.7752454697852639,1.1263965765143726,0.6882526864421554
BR_West Champaran,0.7572781602093129,1.0998851612545173,0.6885065704001039
LA_Kargil,0.8503067685947702,1.2343494612564863,0.6888703687926546
GJ_Ahmedabad,0.7618928870095449,1.1056213140371738,0.6891083568455231
UP_Hardoi,0.7953631245453904,1.1525394669094349,0.690096215688108
UP_Rampur,0.7611882234635231,1.100688892286385,0.6915561961221935
PB_Sri Muktsar Sahib,0.7727929355297187,1.1157659158194027,0.6926120654637408
NL_Mon,0.7702532321829255,1.1117739880344621,0.6928145832451781
GJ_Kutch,0.7639351939935897,1.1015463513700818,0.6935116194097707
AR_Tirap,0.7353839987976555,1.059461845469092,0.6941108846369579
HR_Jhajjar,0.8076236979876257,1.1598443225506943,0.6963207753705465
DL_East Delhi,0.7882755170113409,1.1317634558256822,0.6965020057448769
HR_Sonipat,0.8138335359306786,1.1683814314896621,0.6965478173451094
UP_Aligarh,0.7901901771500056,1.1336337391463929,0.6970418662248051
UP_Jalaun,0.8069300345836659,1.1559035671185205,0.6980945967622638
JK_Kulgam,0.7344163467335089,1.052000599430541,0.698114000249673
UP_Firozabad,0.7980404967819215,1.1422987539768976,0.6986267769299006
JK_Rajouri,0.8124092674696904,1.1625474645194303,0.698818149163072
OR_Angul,0.7413784591547263,1.06085555320068,0.6988495812817611
MP_Shivpuri,0.7976074550785819,1.1408239328748349,0.6991503527355357
BR_Gopalganj,0.6854965900562342,0.9793872735729087,0.6999239305565713
DL_West Delhi,0.8003541703559413,1.142575039827195,0.7004828063432824
PB_Ferozepur,0.7848094319803083,1.119276777479876,0.7011754802483774
UP_Ballia,0.7494303464138694,1.067669854333985,0.7019307919688018
DL_North West Delhi,0.8120715835725016,1.1564651687261922,0.7022015063946728
UP_Lucknow,0.767324894488381,1.0906975706056679,0.7035175608416209
UP_Amroha,0.7744809408573146,1.0988592245190312,0.7048045132408144
AR_Changlang,0.7621034581308945,1.079547686523191,0.7059470069222579
BR_East Champaran,0.7846071873354988,1.1087797260894845,0.707631253416494
AR_Papum Pare,0.7221783993518953,1.020494101223238,0.7076752315238668
PB_Amritsar,0.7968782817284414,1.1246835140686953,0.7085355762401336
UP_Pilibhit,0.7924879208528262,1.1178273314529121,0.7089537879010156
MP_Panna,0.7830096745165852,1.1044219940377609,0.7089768935639411
GJ_Valsad,0.7702244549906149,1.084019177573382,0.7105265948475114
AR_Lohit,0.7792581922938423,1.0966261420041723,0.7105960385639589
MH_Aurangabad,0.7702133604774165,1.0831015981985723,0.7111182937578937
MH_Raigad,0.7175820716302161,1.0088368253046232,0.7112964689939215
NL_Kohima,0.7670383959783896,1.077072127234115,0.7121513746234603
SK_East Sikkim,0.8169178808381335,1.1459012795968249,0.7129042399931335
PB_Patiala,0.8003410400487623,1.1224388802056509,0.7130375240584373
MP_Raisen,0.7912562178326001,1.1094973536172512,0.7131663858889777
UP_Barabanki,0.7839522460996341,1.0987670134253675,0.7134836016378855
UP_Jhansi,0.8021791331174166,1.123537055591622,0.7139765699094031
UP_Deoria,0.7031031017648933,0.9833234197414791,0.7150273121225393
MP_Sagar,0.8007850268702359,1.1194581006432893,0.7153327368036999
UP_Kasganj,0.8129776868683536,1.1362135977185475,0.7155148367355986
JK_Samba,0.8080672103070841,1.129194653277605,0.7156137411398336
JH_Ramgarh,0.7793612708393662,1.0857115240557718,0.7178345753649119
NL_Longleng,0.7949715238227532,1.1050788091068302,0.7193799367714612
JH_Latehar,0.7442903682477955,1.0345748253627083,0.719416662769517
HR_Rohtak,0.8301259743241224,1.1537449895986605,0.7195055942239788
BR_Patna,0.8031338358143938,1.1154218930539759,0.7200269609335431
UP_Budaun,0.8269579371297563,1.1479590021100998,0.7203723613906932
UP_Chitrakoot,0.8195272511166919,1.1373076815320393,0.7205853476806969
JK_Punch,0.8074647742341764,1.119869651812071,0.7210346069541312
UP_Hamirpur,0.8383153958870193,1.1620936352173674,0.7213836910226378
PB_Tarn Taran,0.8018800286784036,1.1114759230412365,0.7214551499093996
UP_Chandauli,0.7858809320190244,1.0888419651901746,0.721758489425749
BR_Rohtas,0.78761821497949,1.0897885583730829,0.722725714936212
BR_Bhojpur,0.7970549021229096,1.1019647511184283,0.7233034462435813
UP_Saharanpur,0.8131520056736773,1.1236494318362826,0.723670552963137
WB_Kolkata,0.797026494579649,1.101329577443727,0.7236948057180217
JH_Deoghar,0.7825001350715107,1.0808464112036662,0.7239697767975126
UP_Muzaffarnagar,0.8143838280269415,1.1247929569996686,0.7240299852154759
UP_Baghpat,0.8409335135313314,1.1610208000955258,0.7243052953591714
JH_Garhwa,0.7755688803030684,1.069407658527962,0.7252322106713148
JK_Jammu,0.8244268062012763,1.1364040679367216,0.7254697773989163
MP_Ashoknagar,0.803317304341766,1.106179934900831,0.7262085299113505
CT_Narayanpur,0.7312842136410712,1.0055654369154856,0.727236822980157
MP_Datia,0.8338476997057346,1.1461004863651367,0.7275519988219241
UP_Mau,0.7436853675869901,1.021488940755586,0.7280405473963261
RJ_Jaipur,0.8022562331547122,1.0984383743588233,0.7303607119725788
MP_Guna,0.8035059346752534,1.0966044478069161,0.7327217542133572
MH_Thane,0.8272536894527837,1.1289699657559955,0.7327508388576373
UP_Meerut,0.8299079138917504,1.128432592929554,0.7354519171917964
PB_Fatehgarh Sahib,0.8450557597362651,1.1482882792588986,0.7359264872769242
JH_East Singhbhum,0.7761763618048655,1.0536115385889382,0.7366817212768654
AS_Kamrup Metropolitan,0.7880073340785357,1.0679999934031825,0.7378345870279923
UP_Gonda,0.8013228840726547,1.0852412566880802,0.7383822529177683
OR_Khordha,0.7946373886763658,1.0761625248032338,0.7383990525238349
MH_Pune,0.8075436567120978,1.0929575657841437,0.7388609420830758
MP_Satna,0.7997317955186138,1.080317143283805,0.7402750206182002
BR_Buxar,0.8032799609686863,1.0850490300901177,0.740316740250872
MP_Vidisha,0.8274654472811842,1.1164372333372503,0.7411661153647907
UP_Hathras,0.8512621548747605,1.1476102176696894,0.741769410700537
UP_Ayodhya,0.7718966453441403,1.039839256113749,0.7423230473419459
MP_Bhopal,0.8099117629963277,1.0891675352950971,0.7436062283814691
PB_Moga,0.8325257514910411,1.1193931370337105,0.743729547687918
BR_Munger,0.8493028111251958,1.1414022332024474,0.744087216950939
MP_Sheopur,0.8258151646503202,1.1095048102135385,0.7443096749543442
HR_Hisar,0.8548991728921295,1.1467227331422052,0.745515152167227
UT_Udham Singh Nagar,0.8108793991502876,1.0869033651892943,0.7460455318482389
UP_Bahraich,0.8368888338714724,1.1216883323082987,0.7460974762474855
UP_Mahoba,0.8505248756873373,1.1385693359375,0.7470119287790353
MP_Rewa,0.804705878228433,1.0746434667887712,0.7488119577305388
BR_Kaimur,0.8139185806385448,1.0867717590180888,0.7489323989923422
UP_Gorakhpur,0.790924398369908,1.0530063547157391,0.7511107552465051
OR_Jharsuguda,0.7882419270398858,1.0490603397981013,0.7513790171417483
MH_Beed,0.8204767118060445,1.0915600476721015,0.7516551320798351
RJ_Sawai Madhopur,0.8410157335628654,1.1148197998479858,0.7543961218463686
MP_Sidhi,0.7894942092627423,1.0449828622026742,0.7555092411741582
AR_Lower Dibang Valley,0.815319639086197,1.0778422407499904,0.7564368961072416
AN_South Andaman,0.8689117831690115,1.1481521572447884,0.7567914911679757
MH_Nashik,0.8102664039598912,1.070232179582312,0.7570940394224741
MH_Solapur,0.807585038655759,1.0660068596452277,0.7575795890511693
MH_Ahmednagar,0.8071381869928079,1.064758804799635,0.7580479103384303
UP_Mirzapur,0.8401385931155376,1.1077382017577921,0.758427028861495
ML_Ribhoi,0.7962969847938431,1.0492601477329406,0.7589128268278783
AS_Karimganj,0.7887381084890694,1.0382235552119863,0.7596996856115671
RJ_Bikaner,0.8394045056737964,1.1047646945694911,0.7598038838495819
UP_Lalitpur,0.8402005371124246,1.1040853903245198,0.7609923512034404
PB_Faridkot,0.855343248382784,1.1232099079553153,0.7615168298682886
RJ_Alwar,0.8510053415274381,1.1174956905817528,0.7615289693729526
MH_Osmanabad,0.8246575745106108,1.0822746567073807,0.7619670010748271
UP_Unnao,0.8406297746248463,1.1026916416375787,0.7623434719940825
UP_Ghazipur,0.8014516092620045,1.0509190779705109,0.762619716457839
HR_Panchkula,0.873633690173029,1.145500623055341,0.7626653993804264
HR_Yamunanagar,0.8696758355555262,1.1396172951979517,0.7631297271637698
RJ_Dholpur,0.9031476620129324,1.1822818787090612,0.763902144046294
UP_Bhadohi,0.8004448438009969,1.0466662516826306,0.7647565234038971
UP_Sant Kabir Nagar,0.7867594932995663,1.028537231809274,0.7649304944611459
BR_Muzaffarpur,0.8508959658053418,1.1116889114672333,0.7654083413338262
JH_Sahibganj,0.8040597638553085,1.0502783440489258,0.7655682595106926
UP_Fatehpur,0.8503782663813197,1.109543104988658,0.7664220187191488
UP_Basti,0.7957316716605733,1.0381080920151637,0.7665210181686456
GJ_Gandhinagar,0.831289494409545,1.0838088364982803,0.7670074891577654
PB_Rupnagar,0.8382304479699784,1.0927517714020212,0.7670822138265792
GJ_Banaskantha,0.8190593934650289,1.0663864694823681,0.7680699417187902
JH_Palamu,0.8279409642351181,1.0779108516046518,0.7680978097609729
OR_Cuttack,0.8185339342126934,1.063733083800552,0.7694918459132619
JK_Doda,0.8382007940327237,1.088366998649991,0.7701453600416283
RJ_Barmer,0.8553956026227544,1.108763137498188,0.7714863289492725
RJ_Bharatpur,0.8773063943889922,1.1366522013253562,0.7718336298174918
JH_Jamtara,0.8101339871924922,1.0482066844116702,0.7728761886757078
UP_Siddharthnagar,0.7919137256091352,1.0244367593153625,0.7730235355263668
AR_Upper Siang,0.8721816324927332,1.1250225618193852,0.7752570144746627
OR_Dhenkanal,0.8189578132092601,1.0557979931680852,0.7756766147583313
UP_Bulandshahr,0.8660132973718874,1.1156948590341318,0.7762098125302861
AS_Karbi Anglong,0.81625009702709,1.0515310653743677,0.7762491512663845
BR_Bhagalpur,0.8821098622965423,1.1361082847023036,0.7764311502469882
OR_Jajpur,0.7981423810871954,1.0276044822328605,0.7767019265553692
GJ_Rajkot,0.838139178782266,1.0788650755445155,0.7768711748864867
BR_Aurangabad,0.8398873198829953,1.079659305921373,0.7779188446546494
UP_Rae Bareli,0.824855267263141,1.0602080922337762,0.778012612151672
RJ_Dausa,0.860561125050532,1.1045103023092315,0.7791336334766022
JK_Kathua,0.8754655290828715,1.1232511039314426,0.7794032216115279
JH_Ranchi,0.8209832862417213,1.0532798897497104,0.7794540598670412
WB_Paschim Medinipur,0.8069692838893469,1.0352126878975982,0.7795202795748298
SK_South Sikkim,0.8516281766354237,1.0924764890282133,0.7795391344238167
PB_Kapurthala,0.8551737283844719,1.0963181838053577,0.780041543611121
BR_Siwan,0.7906075250882835,1.0119102994247826,0.7813019845115737
RJ_Kota,0.8586976437392356,1.0981961664908324,0.7819164462057007
BR_Kishanganj,0.8239709031898935,1.0528763829347971,0.7825903558527446
TG_Ranga Reddy,0.815976207079066,1.0405569448013336,0.7841725636984286
GJ_Kheda,0.8349050018403117,1.064235952171954,0.7845111792515461
ML_East Garo Hills,0.8072700569120617,1.0289034679055995,0.7845926096014749
NL_Zunheboto,0.8038877244893766,1.0241156169111303,0.7849579785864506
MP_Indore,0.8462179303226266,1.0777118327024164,0.785198700287713
AS_Chirang,0.8108052264945492,1.0318497104954867,0.7857784115723659
TN_Thiruvallur,0.7963043750479676,1.0129694682949955,0.7861089598172065
RJ_Karauli,0.9134528937024338,1.1616195455441596,0.7863615046822646
GJ_Jamnagar,0.8379020828785374,1.0652674613046609,0.7865649832694006
JH_Godda,0.8394633804558381,1.0665534970359836,0.7870804256783719
WB_Cooch Behar,0.8357384879429742,1.061422520957278,0.7873758766577108
LD_Lakshadweep,0.8319943102494534,1.056555023923445,0.787459518350402
MP_Sehore,0.8586019997082356,1.0894757556298789,0.7880872936101603
UP_Bijnor,0.8597008313089134,1.090671121965509,0.7882310386651095
HR_Jind,0.9052944648776279,1.1478879361695962,0.7886610150277544
RJ_Ganganagar,0.8891408901241319,1.1269263837343437,0.7889964268808296
TG_Hyderabad,0.8279552930562847,1.0487476802157998,0.7894704404837559
PB_Gurdaspur,0.8824119243349063,1.116892602601441,0.7900597803939362
GJ_Vadodara,0.8472266816236099,1.0705038545844952,0.7914279598296748
MH_Latur,0.8532450115084184,1.0779675138181424,0.7915312850998999
RJ_Jodhpur,0.864790614000227,1.0911340903123063,0.7925612641730451
PB_Jalandhar,0.8658797155173291,1.0923635440999868,0.7926662512622931
HR_Karnal,0.894161610787694,1.1273296665404204,0.7931678171228485
MP_Hoshangabad,0.868600341951554,1.094663573085847,0.7934861114479012
ML_South Garo Hills,0.8394543072683742,1.0579203053611705,0.793494843623204
HR_Ambala,0.8971653200120696,1.1303811784075053,0.7936838804021905
GA_North Goa,0.8264808232589818,1.0382377638408198,0.796041958829862
BR_Jamui,0.8636920135511355,1.0849455374072798,0.7960694650305865
JH_Hazaribagh,0.8408079259552098,1.0560291792217769,0.7961976264470545
WB_Uttar Dinajpur,0.8481511110420729,1.0652428320655354,0.7962044761169473
HR_Mahendragarh,0.8905047395284776,1.117683264319983,0.7967415885664849
KA_Bengaluru Urban,0.8703507221103542,1.0921463657534753,0.7969176562794278
OR_Jagatsinghpur,0.8237914141268474,1.0335517773016207,0.7970490034641399
UP_Azamgarh,0.7826888184959191,0.9811478250116256,0.797727721086927
HP_Sirmaur,0.8694869528815293,1.0896137494774536,0.7979772220188204
MP_Damoh,0.8776080688013901,1.098825259900456,0.7986784621977964
AS_Dhubri,0.8380247590333927,1.048809661449848,0.7990246370108074
MH_Jalgaon,0.8645408094298305,1.0810867323443631,0.7996960683765423
UP_Ambedkar Nagar,0.8180271471741465,1.0227182621693527,0.7998558131141387
HR_Bhiwani,0.9035591024398741,1.1288128131622237,0.8004507850231339
JK_Udhampur,0.9220494963313021,1.149430095158423,0.8021797064607207
BR_Begusarai,0.8966619766478378,1.1174575748049906,0.8024125451065252
TN_Krishnagiri,0.8386894955266835,1.0442105446308465,0.8031804503785971
UP_Sultanpur,0.8190917932221141,1.0170276080447016,0.8053781300950804
MP_Harda,0.8624727668845316,1.0696992674883086,0.806275925484784
AS_Kokrajhar,0.8409530321607093,1.0429903485884435,0.8062903298183283
MP_Narsinghpur,0.8775060845134839,1.0874993308402352,0.8069026431818546
HR_Sirsa,0.8998211030507531,1.11422494356088,0.8075758025799284
KA_Bengaluru Rural,0.8537231932728667,1.0569194459378393,0.8077466987234113
HR_Kurukshetra,0.9101464861390589,1.126294141893277,0.8080895143511282
MP_Katni,0.8500053506976986,1.0507659171244499,0.8089388291388844
AR_West Siang,0.8719240537952284,1.0750748530662033,0.8110356700358381
BR_Vaishali,0.9079487354425486,1.1175708245934834,0.8124305998886604
MH_Jalna,0.8673268465547318,1.0674354376918718,0.8125333073353485
RJ_Hanumangarh,0.8979554009353257,1.103942108432878,0.8134080529005595
HR_Kaithal,0.9242067341000416,1.1345159258574888,0.8146264966721454
MH_Chandrapur,0.8481305016928286,1.0401314979643175,0.8154069974351689
MP_Umaria,0.858744409301351,1.0528202646425797,0.8156609804550873
HR_Fatehabad,0.9049553473681268,1.1090538250222208,0.815970629153184
MH_Yavatmal,0.8573708249652887,1.0499725299711693,0.8165650057424177
MZ_Mamit,0.882469914629547,1.0792565485362096,0.8176646375937554
AS_Hailakandi,0.8612065750213129,1.0512871570536952,0.8191925196108204
AS_Cachar,0.8543411381326931,1.042278730803109,0.8196858603018753
SK_West Sikkim,0.8709319684367669,1.0610450624650665,0.8208246748855129
WB_North 24 Parganas,0.8599059430338537,1.04682589861917,0.821441219755954
WB_Howrah,0.874845336955679,1.0645361632208274,0.8218089410027878
JH_Chatra,0.8626017970369925,1.049089205051174,0.822238750416763
BR_Banka,0.9074619712510421,1.1028468732140513,0.8228358744005915
MH_Washim,0.8853588999800928,1.0753114284624639,0.82335114883511
BR_Gaya,0.8794369972755316,1.0666935861885911,0.8244513782236687
MH_Hingoli,0.8754440264160968,1.0617160288660732,0.824555721694324
WB_Malda,0.8733448639786089,1.0589669974356115,0.8247139581247536
MH_Akola,0.8729264818669881,1.0575812298938714,0.8253989927133886
GJ_Bhavnagar,0.8851183583564313,1.071960574435822,0.8257004776712737
OR_Boudh,0.8340017219503353,1.009510925265445,0.8261443250166306
MP_Shahdol,0.8488559692609817,1.0265739237551375,0.8268824578710556
TN_Chennai,0.8359685549396373,1.010799311779714,0.8270371231928796
GJ_Panchmahal,0.8724833468218888,1.054257764335397,0.8275806698676783
BR_Saran,0.8679270441306901,1.0486148298558713,0.8276890803174927
TR_Dhalai,0.8777374224919654,1.0591117450431715,0.8287486439461467
HP_Shimla,0.9062634890487967,1.0927267071324083,0.8293596954604154
BR_Katihar,0.9030921533452927,1.088284433757945,0.8298309939312772
NL_Mokokchung,0.8972915166197429,1.0808510638297872,0.8301712850615732
NL_Wokha,0.858451290591174,1.0325887729416652,0.8313583423395124
MP_Chhindwara,0.8624168602948726,1.0370342947662536,0.8316184572172326
CT_Balrampur,0.8976504640858963,1.078125120896296,0.8326032356426658
MH_Buldhana,0.8919505343433353,1.0711637241350591,0.8326929994418598
GJ_Anand,0.9016448400701105,1.0812543944880315,0.8338877924256065
MP_Jabalpur,0.8994658698937508,1.0769529119038526,0.8351951695860707
MP_Dewas,0.888709966004652,1.061980125429218,0.8368423708922652
UP_Pratapgarh,0.8395682281059064,1.0018895160243935,0.8379848423181474
MP_Neemuch,0.8781975883562575,1.0476904619076184,0.8382223760606249
JH_Lohardaga,0.8509577037577937,1.0151334651184103,0.8382717475071454
RJ_Jhalawar,0.8869600676463377,1.0570813398524168,0.8390651071091366
MP_Mandsaur,0.8714583581556059,1.0384618894093314,0.8391818390670882
MP_Burhanpur,0.8837238051197055,1.0518786060653647,0.84013858635774
RJ_Baran,0.9047471904036487,1.0766546084475468,0.8403318792349058
MH_Nanded,0.8918675590085183,1.0606038313725275,0.8409054659498566
JH_Giridih,0.8915636965455336,1.059561587904758,0.8414458458319222
WB_Purulia,0.8793414281791373,1.0445720139081263,0.84181982330658
MP_Rajgarh,0.8808754601692664,1.0458045373093243,0.8422945481147059
GJ_Surendranagar,0.9056029663899267,1.0751059548579727,0.8423383409773427
UP_Jaunpur,0.8232776449582616,0.9765698701566011,0.8430299460562327
GJ_Mehsana,0.9108105889654835,1.0796857371768669,0.8435886087993034
MP_Dhar,0.874807779653871,1.0369566513958108,0.8436300384170573
OR_Sambalpur,0.864788675557964,1.0246099933491761,0.8440174126461534
JH_Pakur,0.8542377222664096,1.0109433380754465,0.8449907033292682
BR_Purnia,0.9184750676459219,1.0856866862716412,0.8459853834995977
AN_North and Middle Andaman,0.9148743580157028,1.0813032166508987,0.8460849315230256
MZ_Lawngtlai,0.8957479119210326,1.0576664630421502,0.8469096290947965
UT_Dehradun,0.9397379635350447,1.1090174581569805,0.847360838752482
MP_Shajapur,0.9049066821390581,1.066049680329873,0.8488410051012336
MP_Betul,0.8744804674395199,1.0297760930570552,0.8491947650906175
MN_Churachandpur,0.8720337816128885,1.025841874625895,0.8500664704595945
MP_Ratlam,0.8755669840043006,1.0298718800046873,0.8501707843506859
OR_Deogarh,0.8749916277075994,1.025536327694601,0.853203932497033
AS_Darrang,0.8950503816451653,1.048642291831687,0.8535325998360802
MH_Parbhani,0.902526121304791,1.0555901372120517,0.8549967354644651
AR_Lower Subansiri,0.8692791924232972,1.0159273557190376,0.8556509356006582
RJ_Bundi,0.9278391108821605,1.0813383144791717,0.8580470130932665
BR_Supaul,0.9231746852348487,1.0758898595911874,0.8580568698599251
MP_Khandwa,0.9109173714282435,1.0607126902531254,0.8587786115869556
AS_Barpeta,0.9009687868519652,1.0488569085115496,0.8590006697200909
MH_Dhule,0.9093288444830582,1.0573818430606592,0.8599815198745496
MH_Nagpur,0.904528583092957,1.0513004745227774,0.8603901596292484
OR_Puri,0.893505650762246,1.0384352312953742,0.8604346461239197
OR_Balangir,0.8724184201601368,1.0136732201734033,0.8606505556207721
MH_Amravati,0.9055402087170042,1.051923132934615,0.8608425657402958
OR_Nayagarh,0.9408277496126969,1.0923236401805487,0.8613086039749068
OR_Bargarh,0.8817348262132563,1.0233125800785146,0.8616475975948663
WB_Murshidabad,0.8994711468291615,1.043530040909108,0.861950410211052
BR_Nalanda,0.9350498475735355,1.0843601264094487,0.8623056351856907
BR_Sheikhpura,0.9276752405262124,1.0754862214162473,0.8625635754818031
MH_Gadchiroli,0.8784578155726254,1.0182726564763156,0.8626941025918217
BR_Lakhisarai,0.9571746641074856,1.1091057743163768,0.8630147694411406
GJ_Patan,0.9236708333439821,1.069393858658909,0.8637330632348375
BR_Nawada,0.9205101163446812,1.065324743736028,0.864065273764795
BR_Samastipur,0.9503020139970226,1.0976784869580711,0.8657380328465178
GJ_Narmada,0.9025206273108836,1.0410599873448796,0.8669247097015735
GJ_Dang,0.8622823244243158,0.994330392242509,0.8671990026168408
BR_Madhepura,0.9524482128227997,1.0978366238630564,0.8675682630001307
BR_Jehanabad,0.9437889671605881,1.084951577730388,0.8698904048187126
GJ_Sabarkantha,0.9150189569396201,1.0505531266728472,0.8709878003385985
JH_Khunti,0.8738084430322288,1.0029561287893052,0.8712329661787162
AS_Golaghat,0.9036131085118367,1.0371071187851686,0.8712823315399646
WB_Hooghly,0.9075197278511704,1.0407326033872535,0.8720008625630469
RJ_Chittorgarh,0.8982417913720331,1.0289082422122873,0.8730047583647457
MP_Alirajpur,0.8645183129104326,0.9893166183208398,0.8738540290344798
MP_Ujjain,0.9150617859964701,1.047099914998841,0.8739011176383135
OR_Balasore,0.913421997552707,1.044983793672923,0.8741015918937836
BR_Arwal,0.942296442909458,1.07751981644958,0.87450497756442
AS_Baksa,0.8984432959097878,1.0268482863817214,0.8749523253095246
BR_Saharsa,0.9660109012053841,1.1036949065122132,0.8752517525500554
OR_Subarnapur,0.911697595589496,1.0416266549782347,0.8752633116983228
BR_Araria,0.9506105345194095,1.0853685853218575,0.875841209497982
BR_Khagaria,0.988644475335312,1.1285736176733494,0.8760123928587722
MH_Nandurbar,0.8963683766799623,1.0221377089403465,0.8769546107532128
MZ_Lunglei,0.9258412283567462,1.0554388377452666,0.8772097399169243
AS_Tinsukia,0.9217153364389851,1.0502286559476792,0.8776330099346513
MP_Barwani,0.8942123932242653,1.0186427321893377,0.8778469280415538
OR_Sundargarh,0.9025750820058533,1.0279543539121758,0.8780303119208012
GA_South Goa,0.8908559810132122,1.01379867577985,0.8787306615171242
AS_Kamrup,0.9261064315294251,1.0532823871808368,0.879257493337751
AS_Udalguri,0.9067814207259006,1.028206247515553,0.8819061573657521
MZ_Serchhip,0.9032357578665935,1.0238421741569532,0.8822021407843754
BR_Darbhanga,0.9694765743166909,1.0972139662816736,0.8835802351314672
RJ_Tonk,0.9284307594207164,1.050413306597037,0.8838718565252184
OR_Kendujhar,0.895573502632462,1.0125563253005319,0.8844678367562924
AS_Nalbari,0.9326693905345591,1.0542364488743001,0.8846871036667829
OR_Bhadrak,0.9017976467376778,1.0190101021744404,0.8849741968341178
MN_Thoubal,0.8835963664724503,0.9977380597474009,0.8855995397190239
MP_Anuppur,0.907274039706636,1.0242919245764246,0.88575729041486
PB_Shahid Bhagat Singh Nagar,0.9304831922678254,1.0477294084991255,0.888094945813103
GJ_Porbandar,0.9357402899549773,1.0524786145000702,0.8890824735659414
CT_Raipur,0.9040929270067886,1.0161235430518445,0.8897470521068914
WB_Nadia,0.9398185245805412,1.0556664088928776,0.8902608974421844
AS_Nagaon,0.9256585919659202,1.0393281797067286,0.8906316696109566
BR_Sheohar,0.997821161725717,1.1198424927238486,0.8910370594159782
TG_Adilabad,0.8899603262067446,0.9985090861901283,0.891289161526253
RJ_Sikar,0.9411133021538256,1.0557817717759455,0.8913899892122267
JH_West Singhbhum,0.8904624468665752,0.9952613244120151,0.8947021501037896
RJ_Churu,0.952145567986467,1.0641078189375377,0.8947829825525953
WB_South 24 Parganas,0.9371514830551518,1.0465362296564626,0.8954792548011284
AS_Sivasagar,0.9393512384893753,1.048736815500664,0.8956977809927762
MN_Imphal East,0.8808334379314673,0.9829361922275985,0.8961247382042787
RJ_Jalore,0.9417020573698875,1.0499251201664395,0.8969230655426209
BR_Sitamarhi,0.9984060442423381,1.1128973130032178,0.8971232409107733
AS_Dibrugarh,0.9349996240821339,1.0408262181470715,0.8983244347424921
HP_Kullu,0.9535884996607645,1.0611952873839143,0.8985985058523726
TN_Tiruppur,0.9084759243289741,1.0107600578476803,0.8988047334037805
RJ_Udaipur,0.9384469626602266,1.043407815164832,0.8994057251832791
GJ_Tapi,0.8938739212159185,0.9934639877085423,0.89975472918517
JH_Koderma,0.9474292173070593,1.0521004936439404,0.9005120927428205
TN_Coimbatore,0.9014635870520331,1.0003175708663148,0.9011773993646136
MP_Khargone,0.9340118108911986,1.0360855504524826,0.9014813598001573
AR_East Siang,0.9203237205060982,1.0207340421198419,0.9016293006107513
UT_Nainital,0.9659271670661096,1.0710007180993582,0.9018921749933871
GJ_Junagadh,0.9468435149541572,1.0490242215359977,0.9025945211901534
RJ_Sirohi,0.9607177547511094,1.0639614430957052,0.9029629419237246
AR_Upper Subansiri,0.9054223672649679,1.0016310865915088,0.9039479498844895
WB_Dakshin Dinajpur,0.9469245797026993,1.04654263274393,0.9048122360958749
TN_Cuddalore,0.918898609397313,1.013506235816714,0.9066531383073699
MH_Wardha,0.9584647511581976,1.0569206611753208,0.9068464515513985
PB_Hoshiarpur,0.9439445724125818,1.0404967797028684,0.9072056644732157
OR_Kalahandi,0.90492472719102,0.9966230589236332,0.9079909591579702
ML_West Garo Hills,0.923050618379593,1.0157521025782434,0.9087361138969342
AS_Goalpara,0.942613906858215,1.0371819249087173,0.9088221499243488
TR_North Tripura,0.9415464160315149,1.034516120520571,0.9101321838829601
MN_Imphal West,0.8850757263090804,0.9700157451566529,0.9124343916357202
MH_Sangli,0.9461095754083695,1.0355687149951494,0.9136135166199967
AR_East Kameng,0.8881317433276548,0.9714393085306275,0.9142431601527619
AS_Jorhat,0.9507570978938413,1.039880399887198,0.9142946611908213
JH_Dumka,0.9363478759480175,1.0238709321701627,0.9145174909530499
AS_Lakhimpur,0.9452644761257512,1.0335848636877198,0.9145494572677361
ML_East Khasi Hills,0.905908455070429,0.9893442010920749,0.9156656036093946
TN_Salem,0.9593552376096931,1.0476840430818266,0.9156913708332247
RJ_Pali,0.9285265212328405,1.0131116799766042,0.9165095414301047
MH_Satara,0.928710697405355,1.0120188974605784,0.9176811813847887
AS_Sonitpur,0.9622938641276978,1.0464770486467858,0.9195556322731143
RJ_Ajmer,0.9675895996686686,1.0517233573239013,0.9200039087566619
MH_Kolhapur,0.9626022058131646,1.0450129607147625,0.9211390116681127
TR_South Tripura,0.9621972858329524,1.044548227710132,0.9211611874947029
AS_Bongaigaon,0.9545780926508778,1.0353512256671056,0.9219847999270167
MP_Seoni,0.9401058521094813,1.0184807362437285,0.923047259172223
CT_Koriya,0.9547914433042324,1.032565241532482,0.9246790468050022
MP_Jhabua,0.9345264463542128,1.0097995196313907,0.9254574083134294
KA_Vijayapura,0.9418268157384031,1.01656039884014,0.9264838732779623
KA_Dharwad,0.9552176345153326,1.0301038560501727,0.9273022607429278
WB_Purba Medinipur,0.9900170567824338,1.066419414762366,0.9283561824528886
RJ_Bhilwara,0.9562928287636207,1.0277398220387999,0.9304814392290017
KA_Kalaburagi,0.9605587683190653,1.0294044383431218,0.9331208731381934
AS_Morigaon,0.964634969012526,1.0337297035507633,0.9331597667157058
RJ_Nagaur,0.9839514890498327,1.0526908598513856,0.9347012751575926
GJ_Amreli,0.9719469337757879,1.0375541115346885,0.9367674639524504
TR_West Tripura,0.975046355950847,1.039131005032429,0.9383286142255163
GJ_Navsari,0.9793532736801154,1.0409174421763696,0.940855858493893
GJ_Dahod,0.9507066856095555,1.0096519861871536,0.941618199751977
RJ_Pratapgarh,0.9620170935816276,1.0177631456577945,0.9452268906434635
BR_Madhubani,1.0212641640851707,1.0793520680090414,0.9461826167331862
UT_Uttarkashi,0.989048789048789,1.0440153818526339,0.9473507826040789
CT_Bilaspur,0.9776360622999084,1.0301199263750376,0.9490507243561258
MZ_Saiha,0.9704369562082392,1.0219442458899213,0.9495987282194354
TG_Nalgonda,0.9667377598612511,1.0177757908014693,0.9498533651502683
RJ_Jhunjhunu,0.9998923525730041,1.052583251772801,0.9499413475266181
AS_Dhemaji,0.9974230792120454,1.048867667610277,0.950952260245144
JH_Simdega,0.9557664332352245,1.0034751344108477,0.9524565188118652
CT_Uttar Bastar Kanker,0.9521758923188602,0.9939696967276619,0.9579526372419653
TN_Tirunelveli,0.9370889246812335,0.9772482669063773,0.9589056910253991
OR_Kendrapara,0.9532490692363045,0.9934495610666157,0.9595344409965313
MH_Ratnagiri,0.856710795285364,0.891296659749774,0.9611960124767888
KA_Kolar,0.9821181751308398,1.0215669633752409,0.9613840407347718
CT_Korba,0.9946463969109011,1.0323213608994062,0.9635046164736135
CT_Durg,0.9768913954618316,1.012233935963499,0.9650846121178237
KA_Ballari,0.9832616396761134,1.017532314227638,0.9663198170000744
WB_Bankura,1.0104614646408583,1.0452160522785727,0.9667488960182449
WB_Birbhum,1.0120498009545966,1.046413521832515,0.9671604770380456
ML_West Khasi Hills,0.9875860839332279,1.0209174369947192,0.9673515684484644
TG_Nizamabad,0.9318178736253057,0.9615182356495839,0.9691109737464175
CT_Kabeerdham,0.9734595867508081,1.0038736271767836,0.9697033176262339
WB_Jalpaiguri,1.0177968579298036,1.0493612490752902,0.9699203766354995
MN_Bishnupur,0.9723041468332899,1.0013910316396468,0.970953519766668
KA_Uttara Kannada,0.9937589149028438,1.0215821063899522,0.9727646056904526
CT_Dakshin Bastar Dantewada,0.9536501349931505,0.9801332858372666,0.9729800515636063
TG_Mahabubnagar,0.9991628038140896,1.0238405066906617,0.9758969266059444
MZ_Kolasib,1.0211233797407586,1.0458366839681263,0.9763698246521625
OR_Mayurbhanj,0.9714998620458007,0.9942130151757979,0.9771546411248891
CT_Bastar,0.9558090380683254,0.9772985482264185,0.978011314764468
OR_Nuapada,0.9579041815428903,0.9790610206860775,0.9783906838325955
CT_Janjgir Champa,0.9928841968157124,1.0145860023134616,0.9786101863732944
MH_Sindhudurg,0.9465524136518372,0.9653334690355964,0.9805444895611853
TN_Dharmapuri,1.0365230613702727,1.05701122123024,0.9806168946474177
TN_Erode,0.9877835664573515,1.0071237819509464,0.9807965854444127
MP_Balaghat,0.9625695013119487,0.9798236224869695,0.9823905846123339
RJ_Banswara,1.0038126919698036,1.0202566843236889,0.9838824948598247
TN_Madurai,0.9953757627739692,1.0097223333864718,0.9857915684954832
UT_Champawat,1.007578004908174,1.020245403546447,0.9875839689213592
KA_Haveri,1.0397037805117282,1.0521334806175662,0.9881861946845925
MZ_Champhai,1.0060099460374563,1.016533829401671,0.9896472866324487
TG_Warangal Urban,0.9961357053138858,1.0034141430848773,0.9927463273054785
OR_Malkangiri,0.9742879420263266,0.9807990489973124,0.9933614260967706
KA_Belagavi,1.021460286624141,1.0282037920765443,0.9934414699650306
CT_Surguja,1.0178757544735708,1.022602821324406,0.9953774165763467
MH_Bhandara,1.0137328461226147,1.0179989038590216,0.9958093690275744
MP_Mandla,0.9876853710622225,0.9917659964541484,0.9958854957656188
KA_Davanagere,1.0312447989179108,1.0284674021501474,1.0027005199794927
WB_Darjeeling,1.0334154658887071,1.0304486545201876,1.002879145268913
TG_Medak,1.0123261639457546,1.0084568332033335,1.0038368828640194
KL_Malappuram,0.9150888933975126,0.9106825631610636,1.0048384919341755
RJ_Rajsamand,1.0162126931537354,1.0105709090529815,1.0055827691557446
KA_Bidar,1.0535962713754445,1.0456742750424857,1.0075759694218709
HP_Una,1.0324572022784064,1.0241221682376564,1.0081387106921953
JH_Gumla,1.0162638716901984,1.0069828492452375,1.0092166638706084
OR_Ganjam,1.026853320235315,1.0168046528400463,1.009882593836684
MH_Gondia,1.01199380482913,1.0009092930964834,1.011074441819153
TG_Khammam,1.0006942284201181,0.989054183002911,1.0117688652626353
TG_Karimnagar,1.003976985466379,0.9922610182493092,1.011807344037097
KA_Chikkaballapura,1.0410993197943508,1.0287230448690492,1.0120307161262019
KA_Chitradurga,1.0436629418930412,1.0271556889519224,1.0160708382562358
MP_Dindori,1.0141226697025758,0.9980204814937708,1.0161341260098233
TN_Ariyalur,1.0017640533216943,0.985565150148215,1.0164361566265236
DN_Diu,0.990425080112737,0.9701119854721549,1.020938917305197
KA_Tumakuru,1.0440562385039367,1.016718032258696,1.0268886804186086
TN_Karur,1.0150506496244271,0.9848501516849428,1.0306650690846881
KA_Shivamogga,1.034044537990423,1.002372797707857,1.0315967675449598
TN_Namakkal,1.0461824527099357,1.0139492675438955,1.0317897415559254
KA_Bagalkote,1.0460549391940266,1.011142553379429,1.0345276595252706
MZ_Aizawl,1.0264050035804244,0.9912007122996036,1.0355168139449236
HP_Chamba,1.0522849846890663,1.0138112973308504,1.0379495547736635
KA_Mysuru,1.0549689371888022,1.0148187981822419,1.039563850293745
KA_Dakshina Kannada,1.0227195943328096,0.9808319943882798,1.0427061924816736
HP_Bilaspur,1.0660034537922851,1.018880290921392,1.046249950353126
PY_Yanam,1.0094333649889204,0.9638481906443072,1.0472949731991932
TN_Tiruchirappalli,1.034388355398585,0.9870642902293859,1.0479442581781593
TN_Thiruvarur,1.0302270405819502,0.9829183291927025,1.0481308670152725
KA_Raichur,1.0493632577404517,1.0002177743256515,1.04913478312054
PY_Puducherry,1.02508601465989,0.9714271488763171,1.0552371486072238
OR_Nabarangapur,1.0361170818378151,0.981624127219079,1.0555130554636158
KA_Koppal,1.0740200777547,1.0143943280666208,1.0587796560354616
KA_Gadag,1.0800935472514208,1.0184368144733924,1.0605405577467362
CT_Rajnandgaon,1.0455152060154405,0.9852469009838843,1.061170763360302
KL_Idukki,1.057007959852097,0.9939622342969545,1.0634286931431913
AP_Visakhapatnam,1.0588497540579005,0.9940655646125653,1.0651709421909052
TN_Kanyakumari,1.0454326547013948,0.981267524620536,1.0653900475363962
TN_Nagapattinam,1.0393596116055948,0.9753202586264836,1.0656598203643344
KL_Ernakulam,1.047826689817737,0.9739757076936862,1.0758242546920656
KA_Yadgir,1.0897243388132845,1.0109377301170321,1.0779341856071902
TN_Thanjavur,1.0465830704319468,0.9664414609546259,1.082924432275659
UT_Chamoli,1.065849505000826,0.98166627870495,1.085755442681533
OR_Rayagada,1.036372275528034,0.9516262695306593,1.089053874100356
UT_Pithoragarh,1.0714100184353401,0.9802279904805987,1.093021244894298
CT_Mahasamund,1.074762136021943,0.9830640933817473,1.0932777865222947
TN_Theni,1.1048103114206285,1.008814671017839,1.0951568639519638
AR_Kurung Kumey,1.0623177842565599,0.9692031310150134,1.096073413572272
OR_Gajapati,1.051524683938177,0.9591333683693017,1.0963279129011612
OR_Koraput,1.0623749848224384,0.9685676290383798,1.096851632216114
CT_Jashpur,1.0940956335627412,0.9949053925541433,1.0996981640173389
TN_Vellore,1.0955673702333886,0.9934393204239956,1.1028025040983933
KL_Wayanad,1.0664156580592055,0.9661997036580907,1.1037217813477804
KL_Kasaragod,1.0237152766381112,0.9261169599948141,1.1053844393950454
KA_Ramanagara,1.1335630670084966,1.0250267475702732,1.1058863290109242
KA_Kodagu,1.085982249237023,0.981054692384365,1.1069538300638886
KA_Chikkamagaluru,1.1022759891828193,0.9917439558650819,1.1114521874966428
AP_Krishna,1.1221690692522555,1.007711921167028,1.1135812186807068
TN_Dindigul,1.1160933433649494,1.001947467504359,1.1139240125481866
CT_Dhamtari,1.1057863625882993,0.9900792268415761,1.1168665422017159
OR_Kandhamal,1.078322500091807,0.9645733120737475,1.1179269492471327
HP_Kangra,1.109904989560955,0.9882907342353493,1.123055140671434
TN_Nilgiris,1.0806038249529444,0.9597389480640958,1.1259351588602786
KA_Hassan,1.1155240248362206,0.989821384166299,1.1269952768052165
KL_Kozhikode,1.0292502087845683,0.9106020920530584,1.1302963366403034
RJ_Dungarpur,1.1414841100859554,1.0065200427733303,1.1340897961065433
AP_S.P.S. Nellore,1.1537766981859792,1.0152259342043257,1.1364728375366429
KL_Palakkad,1.068091536420833,0.9372762772534982,1.1395695829949553
TN_Thoothukkudi,1.1198320944612552,0.9772537013291458,1.145897010099006
HP_Mandi,1.1412156102910087,0.992730889434576,1.149571976088106
KA_Chamarajanagara,1.158216287978082,1.007218420638666,1.149915712665054
TN_Sivaganga,1.156493599737425,0.9973792899770147,1.159532397914616
AP_Prakasam,1.1835226584064207,1.0190647798398274,1.1613811818640638
KL_Kottayam,1.1193703117168345,0.9622633071704983,1.1632682067118447
AP_Guntur,1.1611387740692252,0.9972332684452856,1.1643602463037288
AP_Anantapur,1.1954915251959988,1.0237234665557238,1.1677875561631714
TN_Pudukkottai,1.1545635985149258,0.9853169389455038,1.1717687506220604
TN_Viluppuram,1.2004840784259194,1.0132504566212703,1.1847851343970652
KA_Mandya,1.1948416327209244,1.0048862864223191,1.1890316833508598
AP_Chittoor,1.195293834339864,1.0030443503882218,1.1916659855341722
TN_Perambalur,1.1886701769750825,0.9967887347827008,1.1924996094926892
AP_Y.S.R. Kadapa,1.219209930329715,1.0147376234717185,1.201502636867288
PY_Karaikal,1.1477589734052445,0.9550447697069708,1.2017855181358699
AP_East Godavari,1.2022571001760278,0.9942273644591365,1.2092375880541775
UT_Tehri Garhwal,1.1356006651397734,0.9284643786318528,1.2230955664805883
KL_Kannur,1.0776338939182457,0.8806528533636663,1.2236761509398482
KA_Udupi,1.1263479767079982,0.9136924402256067,1.2327430184602197
KL_Thiruvananthapuram,1.1382189114399184,0.9197144467012337,1.2375785935758659
UT_Pauri Garhwal,1.128755023089821,0.9067450519084901,1.244842771089901
TN_Virudhunagar,1.2377554440940581,0.9929508023464491,1.2465425690468344
TN_Ramanathapuram,1.278131613773004,1.0176971229317204,1.255905696275371
UT_Bageshwar,1.1528761649911565,0.9170477679756882,1.257160428552202
AP_Vizianagaram,1.2441356846979037,0.9818089141392582,1.2671871957779328
AP_West Godavari,1.2650547415365194,0.9963844693435454,1.2696451826170914
KL_Thrissur,1.157800615478502,0.902663741429875,1.2826488562002885
HP_Hamirpur,1.1747262250381652,0.9132176122643018,1.28635958096062
KL_Alappuzha,1.1703326838951587,0.908935295210053,1.287586355225316
UT_Rudraprayag,1.1730555179910747,0.8973577872447062,1.307232783473006
AP_Kurnool,1.330979652482784,1.0124071856525254,1.3146683185826358
KL_Kollam,1.1828629211006185,0.8981285746902745,1.3170307174655216
TN_Tiruvannamalai,1.3275244631693395,1.0056168255781595,1.3201096375909438
AP_Srikakulam,1.319140154596888,0.9855748889359002,1.338447407097729
KL_Pathanamthitta,1.1872263311685496,0.8836236188366766,1.3435882720423173
PY_Mahe,1.2404213097237062,0.8443082080007057,1.4691569950042098
